{
    "_comment": "DO NOT EDIT: FILE GENERATED AUTOMATICALLY BY PTERODACTYL PANEL - PTERODACTYL.IO",
    "meta": {
        "version": "PTDL_v1",
        "update_url": null
    },
    "exported_at": "2025-01-12T00:00:00+00:00",
    "name": "StatsPanelCS",
    "author": "elprofessor@statspanelcs.com",
    "description": "StatsPanelCS - Professional CS2 Server Stats Panel with Rankings, Casino, VIP Shop, and more. Created by ElProfessor.",
    "image": "ghcr.io/parkervcp/yolks:nodejs_20",
    "startup": "npm install --legacy-peer-deps && npm run build && npm run start -- -p {{SERVER_PORT}}",
    "config": {
        "files": "{}",
        "startup": "{\"done\": \"Ready in\"}",
        "logs": "{}",
        "stop": "^C"
    },
    "scripts": {
        "installation": {
            "script": "#!/bin/bash\napt update\napt install -y curl unzip\n\ncd /mnt/server\n\nif [ ! -f \"package.json\" ]; then\n    echo \"Fresh installation detected...\"\n    \n    if [ -n \"${DOWNLOAD_URL}\" ]; then\n        echo \"Downloading from custom URL...\"\n        curl -sSL \"${DOWNLOAD_URL}\" -o panel.zip\n        unzip -o panel.zip\n        \n        if [ -d \"StatsPanelCS\" ]; then\n            mv StatsPanelCS/* .\n            rm -rf StatsPanelCS\n        fi\n        \n        rm -f panel.zip\n        echo \"Installation complete!\"\n    else\n        echo \"ERROR: No download URL provided!\"\n        exit 1\n    fi\nelse\n    echo \"Existing installation found.\"\nfi\n\necho \"Done!\"",
            "container": "ghcr.io/parkervcp/installers:debian",
            "entrypoint": "bash"
        }
    },
    "variables": [
        {
            "name": "Download URL",
            "description": "Direct download URL for StatsPanelCS zip file",
            "env_variable": "DOWNLOAD_URL",
            "default_value": "",
            "user_viewable": true,
            "user_editable": true,
            "rules": "nullable|string"
        },
        {
            "name": "Steam API Key",
            "description": "Your Steam API Key",
            "env_variable": "STEAM_API_KEY",
            "default_value": "",
            "user_viewable": true,
            "user_editable": true,
            "rules": "required|string"
        },
        {
            "name": "Domain",
            "description": "Your panel domain",
            "env_variable": "DOMAIN",
            "default_value": "http://localhost:3001",
            "user_viewable": true,
            "user_editable": true,
            "rules": "required|string"
        },
        {
            "name": "Database Host",
            "description": "MySQL host",
            "env_variable": "DB_HOST",
            "default_value": "127.0.0.1",
            "user_viewable": true,
            "user_editable": true,
            "rules": "required|string"
        },
        {
            "name": "Database Port",
            "description": "MySQL port",
            "env_variable": "DB_PORT",
            "default_value": "3306",
            "user_viewable": true,
            "user_editable": true,
            "rules": "required|string"
        },
        {
            "name": "Database User",
            "description": "MySQL username",
            "env_variable": "DB_USER",
            "default_value": "",
            "user_viewable": true,
            "user_editable": true,
            "rules": "required|string"
        },
        {
            "name": "Database Password",
            "description": "MySQL password",
            "env_variable": "DB_PASSWORD",
            "default_value": "",
            "user_viewable": true,
            "user_editable": true,
            "rules": "required|string"
        },
        {
            "name": "Database Name",
            "description": "Database name",
            "env_variable": "DB_DATABASE",
            "default_value": "",
            "user_viewable": true,
            "user_editable": true,
            "rules": "required|string"
        },
        {
            "name": "Master Admin",
            "description": "Your Steam64 ID",
            "env_variable": "MASTER_ADMIN",
            "default_value": "",
            "user_viewable": true,
            "user_editable": true,
            "rules": "required|string"
        },
        {
            "name": "Session Secret",
            "description": "Random string for sessions",
            "env_variable": "SESSION_SECRET",
            "default_value": "changeme123",
            "user_viewable": true,
            "user_editable": true,
            "rules": "required|string"
        },
        {
            "name": "Ranks DB Host",
            "description": "RanksCore database host",
            "env_variable": "RANKS_DB_HOST",
            "default_value": "",
            "user_viewable": true,
            "user_editable": true,
            "rules": "nullable|string"
        },
        {
            "name": "Ranks DB User",
            "description": "RanksCore database user",
            "env_variable": "RANKS_DB_USER",
            "default_value": "",
            "user_viewable": true,
            "user_editable": true,
            "rules": "nullable|string"
        },
        {
            "name": "Ranks DB Password",
            "description": "RanksCore database password",
            "env_variable": "RANKS_DB_PASSWORD",
            "default_value": "",
            "user_viewable": true,
            "user_editable": true,
            "rules": "nullable|string"
        },
        {
            "name": "Ranks DB Name",
            "description": "RanksCore database name",
            "env_variable": "RANKS_DB_DATABASE",
            "default_value": "",
            "user_viewable": true,
            "user_editable": true,
            "rules": "nullable|string"
        },
        {
            "name": "Store DB Host",
            "description": "CS2-Store database host",
            "env_variable": "STORE_DB_HOST",
            "default_value": "",
            "user_viewable": true,
            "user_editable": true,
            "rules": "nullable|string"
        },
        {
            "name": "Store DB User",
            "description": "CS2-Store database user",
            "env_variable": "STORE_DB_USER",
            "default_value": "",
            "user_viewable": true,
            "user_editable": true,
            "rules": "nullable|string"
        },
        {
            "name": "Store DB Password",
            "description": "CS2-Store database password",
            "env_variable": "STORE_DB_PASSWORD",
            "default_value": "",
            "user_viewable": true,
            "user_editable": true,
            "rules": "nullable|string"
        },
        {
            "name": "Store DB Name",
            "description": "CS2-Store database name",
            "env_variable": "STORE_DB_DATABASE",
            "default_value": "",
            "user_viewable": true,
            "user_editable": true,
            "rules": "nullable|string"
        }
    ]
}
